{
  "results": {
    "0": [
      [
        0.3892670020061019,
        23.309209185764196,
        3.195622415051379e-13
      ]
    ],
    "1": [
      [
        0.9588760301761196,
        14.5456570079887,
        3.8525797100310536e-16
      ],
      [
        1.1547860927237386,
        20.805939792087578,
        4.592516931823794e-15
      ],
      [
        0.9111863549055694,
        23.568357435881058,
        3.041281215715073e-16
      ],
      [
        0.616041126131818,
        30.33755481307995,
        1.2942851360882996e-17
      ],
      [
        0.5778587428094036,
        35.939472063071676,
        1.1629948625696043e-17
      ]
    ],
    "2": [
      [
        0.5646437454810714,
        14.51010357452084,
        8.89424501339895e-15
      ],
      [
        0.5007011594474076,
        21.22115779946198,
        1.6560811430852183e-14
      ],
      [
        0.43140693490119314,
        25.555739340270346,
        1.9976234742317266e-14
      ],
      [
        0.36563690732093346,
        29.849821565088163,
        7.62247241418957e-15
      ],
      [
        0.29388219326165643,
        34.192911575321425,
        2.1309468802968096e-14
      ]
    ],
    "3": [
      [
        0.3277302170141988,
        14.5967576105321,
        4.049492828046389e-16
      ],
      [
        0.3762943303517853,
        20.59735624776514,
        1.2024919953090984e-14
      ],
      [
        0.08701911347477599,
        24.387046603866626,
        3.8665558916509176e-14
      ],
      [
        0.39992177702503323,
        30.255184228352373,
        8.25182479191605e-14
      ]
    ]
  },
  "timestamp": "2026-05-20 16:08:45.934250"
}